SELECT SUM(total_amount), AVG(total_amount), MIN(total_amount), MAX(total_amount) FROM apjtechup.gold_dimensional.fact_sales
SELECT d.is_weekend, c.age_group, COUNT(*) as events FROM apjtechup.gold_dimensional.fact_web_events f JOIN apjtechup.gold_dimensional.dim_date d ON f.event_date_key = d.date_key JOIN apjtechup.gold_dimensional.dim_customer c ON f.customer_key = c.customer_key GROUP BY d.is_weekend, c.age_group
SELECT d.year, COUNT(*) as order_cnt FROM apjtechup.gold_dimensional.fact_orders f JOIN apjtechup.gold_dimensional.dim_date d ON f.order_date_key = d.date_key GROUP BY d.year ORDER BY d.year
SELECT customer_tier, COUNT(*) as cnt FROM apjtechup.gold_dimensional.dim_customer GROUP BY customer_tier
SELECT COUNT(*) FROM apjtechup.gold_dimensional.fact_inventory
SELECT COUNT(*) FROM apjtechup.gold_dimensional.fact_reviews
SELECT c.age_group, COUNT(*) as cnt FROM apjtechup.gold_dimensional.fact_orders f JOIN apjtechup.gold_dimensional.dim_customer c ON f.customer_key = c.customer_key GROUP BY c.age_group
SELECT d.month, c.customer_tier, SUM(f.net_amount) as net_sales FROM apjtechup.gold_dimensional.fact_orders f JOIN apjtechup.gold_dimensional.dim_date d ON f.order_date_key = d.date_key JOIN apjtechup.gold_dimensional.dim_customer c ON f.customer_key = c.customer_key WHERE d.year = 2024 GROUP BY d.month, c.customer_tier ORDER BY d.month
SELECT d.year, c.customer_tier, SUM(f.total_amount) as sales FROM apjtechup.gold_dimensional.fact_orders f JOIN apjtechup.gold_dimensional.dim_date d ON f.order_date_key = d.date_key JOIN apjtechup.gold_dimensional.dim_customer c ON f.customer_key = c.customer_key GROUP BY d.year, c.customer_tier ORDER BY d.year, c.customer_tier
SELECT p.category_name, AVG(r.rating) as avg_rating FROM apjtechup.gold_dimensional.fact_reviews r JOIN apjtechup.gold_dimensional.dim_product p ON r.product_key = p.product_key GROUP BY p.category_name
SELECT customer_key, total_amount, ROW_NUMBER() OVER (ORDER BY total_amount DESC) as rn FROM apjtechup.gold_dimensional.fact_orders ORDER BY rn LIMIT 100
SELECT is_discounted, COUNT(*) FROM apjtechup.gold_dimensional.fact_sales GROUP BY is_discounted
SELECT brand, COUNT(*) as cnt FROM apjtechup.gold_dimensional.dim_product GROUP BY brand ORDER BY cnt DESC
SELECT rating, COUNT(*) as cnt FROM apjtechup.gold_dimensional.fact_reviews GROUP BY rating ORDER BY rating
SELECT COUNT(DISTINCT customer_tier) FROM apjtechup.gold_dimensional.dim_customer
SELECT c.customer_tier, SUM(f.total_amount) as total_sales FROM apjtechup.gold_dimensional.fact_orders f JOIN apjtechup.gold_dimensional.dim_customer c ON f.customer_key = c.customer_key GROUP BY c.customer_tier
SELECT w.warehouse_region, SUM(i.quantity_on_hand) as total_qty FROM apjtechup.gold_dimensional.fact_inventory i JOIN apjtechup.gold_dimensional.dim_warehouse w ON i.warehouse_key = w.warehouse_key GROUP BY w.warehouse_region
SELECT p.brand, COUNT(*) as review_cnt FROM apjtechup.gold_dimensional.fact_reviews r JOIN apjtechup.gold_dimensional.dim_product p ON r.product_key = p.product_key GROUP BY p.brand ORDER BY review_cnt DESC
SELECT d.quarter, w.warehouse_region, AVG(i.days_of_supply) as avg_dos FROM apjtechup.gold_dimensional.fact_inventory i JOIN apjtechup.gold_dimensional.dim_date d ON i.snapshot_date_key = d.date_key JOIN apjtechup.gold_dimensional.dim_warehouse w ON i.warehouse_key = w.warehouse_key GROUP BY d.quarter, w.warehouse_region
SELECT d.month, w.warehouse_region, p.brand, SUM(i.quantity_available) as avail FROM apjtechup.gold_dimensional.fact_inventory i JOIN apjtechup.gold_dimensional.dim_date d ON i.snapshot_date_key = d.date_key JOIN apjtechup.gold_dimensional.dim_warehouse w ON i.warehouse_key = w.warehouse_key JOIN apjtechup.gold_dimensional.dim_product p ON i.product_key = p.product_key WHERE d.year = 2024 GROUP BY d.month, w.warehouse_region, p.brand ORDER BY d.month
SELECT c.gender, p.category_name, COUNT(*) as review_cnt FROM apjtechup.gold_dimensional.fact_reviews r JOIN apjtechup.gold_dimensional.dim_customer c ON r.customer_key = c.customer_key JOIN apjtechup.gold_dimensional.dim_product p ON r.product_key = p.product_key GROUP BY c.gender, p.category_name
SELECT d.year, d.month, c.customer_tier, SUM(s.item_profit) as profit FROM apjtechup.gold_dimensional.fact_sales s JOIN apjtechup.gold_dimensional.dim_date d ON s.order_date_key = d.date_key JOIN apjtechup.gold_dimensional.dim_customer c ON s.customer_key = c.customer_key JOIN apjtechup.gold_dimensional.dim_product p ON s.product_key = p.product_key WHERE d.year = 2024 AND p.category_name = 'Electronics' GROUP BY d.year, d.month, c.customer_tier ORDER BY d.month
SELECT d.quarter, w.warehouse_region, p.category_name, SUM(i.quantity_on_hand) as total_qty FROM apjtechup.gold_dimensional.fact_inventory i JOIN apjtechup.gold_dimensional.dim_date d ON i.snapshot_date_key = d.date_key JOIN apjtechup.gold_dimensional.dim_warehouse w ON i.warehouse_key = w.warehouse_key JOIN apjtechup.gold_dimensional.dim_product p ON i.product_key = p.product_key GROUP BY d.quarter, w.warehouse_region, p.category_name
SELECT c.country, d.year, COUNT(*) as events FROM apjtechup.gold_dimensional.fact_web_events f JOIN apjtechup.gold_dimensional.dim_customer c ON f.customer_key = c.customer_key JOIN apjtechup.gold_dimensional.dim_date d ON f.event_date_key = d.date_key GROUP BY c.country, d.year ORDER BY c.country, d.year
SELECT d.day_of_week_name, c.gender, p.brand, COUNT(*) as event_cnt FROM apjtechup.gold_dimensional.fact_web_events e JOIN apjtechup.gold_dimensional.dim_date d ON e.event_date_key = d.date_key JOIN apjtechup.gold_dimensional.dim_customer c ON e.customer_key = c.customer_key JOIN apjtechup.gold_dimensional.dim_product p ON e.product_key = p.product_key WHERE e.event_type = 'purchase' GROUP BY d.day_of_week_name, d.day_of_week, c.gender, p.brand ORDER BY d.day_of_week
WITH monthly_sales AS ( SELECT d.year, d.month, SUM(f.total_amount) as sales FROM apjtechup.gold_dimensional.fact_orders f JOIN apjtechup.gold_dimensional.dim_date d ON f.order_date_key = d.date_key GROUP BY d.year, d.month ) SELECT year, AVG(sales) as avg_monthly FROM monthly_sales GROUP BY year ORDER BY year
SELECT d.year, d.quarter, SUM(CASE WHEN c.customer_tier = 'Bronze' THEN s.total_amount ELSE 0 END) as bronze_sales, SUM(CASE WHEN c.customer_tier = 'Silver' THEN s.total_amount ELSE 0 END) as silver_sales, SUM(CASE WHEN c.customer_tier = 'New' THEN s.total_amount ELSE 0 END) as new_sales FROM apjtechup.gold_dimensional.fact_sales s JOIN apjtechup.gold_dimensional.dim_customer c ON s.customer_key = c.customer_key JOIN apjtechup.gold_dimensional.dim_date d ON s.order_date_key = d.date_key GROUP BY d.year, d.quarter ORDER BY d.year, d.quarter
SELECT d.day_of_week_name, COUNT(*) as events FROM apjtechup.gold_dimensional.fact_web_events f JOIN apjtechup.gold_dimensional.dim_date d ON f.event_date_key = d.date_key GROUP BY d.day_of_week_name, d.day_of_week ORDER BY d.day_of_week
SELECT SUM(f.total_amount) as sales FROM apjtechup.gold_dimensional.fact_orders f JOIN apjtechup.gold_dimensional.dim_date d ON f.order_date_key = d.date_key WHERE d.year = 2024 AND d.month = 6
SELECT c.state, d.year, SUM(f.total_amount) as sales FROM apjtechup.gold_dimensional.fact_orders f JOIN apjtechup.gold_dimensional.dim_customer c ON f.customer_key = c.customer_key JOIN apjtechup.gold_dimensional.dim_date d ON f.order_date_key = d.date_key WHERE c.country = 'USA' GROUP BY c.state, d.year ORDER BY d.year, sales DESC
SELECT c.customer_tier, COUNT(*) as orders FROM apjtechup.gold_dimensional.fact_orders f JOIN apjtechup.gold_dimensional.dim_date d ON f.order_date_key = d.date_key JOIN apjtechup.gold_dimensional.dim_customer c ON f.customer_key = c.customer_key WHERE d.is_weekend = true AND d.year = 2024 GROUP BY c.customer_tier
SELECT d.month_name, c.country, p.brand, AVG(r.rating) as avg_rating FROM apjtechup.gold_dimensional.fact_reviews r JOIN apjtechup.gold_dimensional.dim_date d ON r.review_date_key = d.date_key JOIN apjtechup.gold_dimensional.dim_customer c ON r.customer_key = c.customer_key JOIN apjtechup.gold_dimensional.dim_product p ON r.product_key = p.product_key WHERE d.year = 2024 GROUP BY d.month_name, d.month, c.country, p.brand ORDER BY d.month
SELECT p.price_tier, SUM(i.quantity_available) as avail_qty FROM apjtechup.gold_dimensional.fact_inventory i JOIN apjtechup.gold_dimensional.dim_product p ON i.product_key = p.product_key GROUP BY p.price_tier
SELECT c.country, c.customer_tier, p.category_name, SUM(t.line_total_amount) as amount FROM apjtechup.gold_dimensional.fact_order_transactions t JOIN apjtechup.gold_dimensional.dim_date d ON t.order_date_key = d.date_key JOIN apjtechup.gold_dimensional.dim_customer c ON t.customer_key = c.customer_key JOIN apjtechup.gold_dimensional.dim_product p ON t.product_key = p.product_key WHERE d.year = 2024 AND d.quarter = 1 GROUP BY c.country, c.customer_tier, p.category_name
SELECT d.month_name, SUM(f.total_amount) as monthly_sales FROM apjtechup.gold_dimensional.fact_orders f JOIN apjtechup.gold_dimensional.dim_date d ON f.order_date_key = d.date_key WHERE d.year = 2024 GROUP BY d.month_name, d.month ORDER BY d.month
SELECT w.warehouse_region, SUM(i.quantity_on_hand) as qty FROM apjtechup.gold_dimensional.fact_inventory i JOIN apjtechup.gold_dimensional.dim_date d ON i.snapshot_date_key = d.date_key JOIN apjtechup.gold_dimensional.dim_warehouse w ON i.warehouse_key = w.warehouse_key WHERE d.year = 2024 AND d.month = 12 GROUP BY w.warehouse_region
SELECT p.brand, SUM(s.quantity) as units_sold FROM apjtechup.gold_dimensional.fact_sales s JOIN apjtechup.gold_dimensional.dim_date d ON s.order_date_key = d.date_key JOIN apjtechup.gold_dimensional.dim_product p ON s.product_key = p.product_key WHERE d.year = 2024 AND d.is_holiday = false GROUP BY p.brand ORDER BY units_sold DESC
SELECT d.month_name, COUNT(*) as reviews FROM apjtechup.gold_dimensional.fact_reviews r JOIN apjtechup.gold_dimensional.dim_date d ON r.review_date_key = d.date_key WHERE d.year = 2024 GROUP BY d.month_name, d.month ORDER BY d.month
SELECT c.country, SUM(f.total_amount) as sales, PERCENT_RANK() OVER (ORDER BY SUM(f.total_amount)) as pct_rank FROM apjtechup.gold_dimensional.fact_orders f JOIN apjtechup.gold_dimensional.dim_customer c ON f.customer_key = c.customer_key GROUP BY c.country ORDER BY sales DESC
